Workbook

Sheet Data_Entry
A1: Ambient-water density data template (250-340 K)
A2: Fill three independent trajectory density values for each model. Unit: g/cm^3
A4: Temperature (K) | B4: EeFF | E4: LEWIS | H4: Cheng-MLP | K4: DP-H2OPD | N4: ANI-1xnr | Q4: ReaxFF | T4: MACE | W4: DP-H3O/OH
B5: Trajectory 1 | C5: Trajectory 2 | D5: Trajectory 3 | E5: Trajectory 1 | F5: Trajectory 2 | G5: Trajectory 3 | H5: Trajectory 1 | I5: Trajectory 2 | J5: Trajectory 3 | K5: Trajectory 1 | L5: Trajectory 2 | M5: Trajectory 3 | N5: Trajectory 1 | O5: Trajectory 2 | P5: Trajectory 3 | Q5: Trajectory 1 | R5: Trajectory 2 | S5: Trajectory 3 | T5: Trajectory 1 | U5: Trajectory 2 | V5: Trajectory 3 | W5: Trajectory 1 | X5: Trajectory 2 | Y5: Trajectory 3
A6: 250 | B6: 0.98277569 | C6: 0.98486218 | D6: 0.9832508 | E6: 1.0495797 | F6: 1.0501903 | G6: 1.04935 | H6: 0.87073606 | I6: 0.86958437 | J6: 0.86666541 | K6: 0.96522821 | L6: 0.96499869 | M6: 0.96199262 | N6: - | O6: - | P6: - | Q6: 1.0152151 | R6: 1.0150884 | S6: 1.0156854 | T6: 1.1830581 | U6: 1.180719 | V6: 1.18259 | W6: 1.043603 | X6: 1.0316996 | Y6: 1.03305
A7: 260 | B7: 0.97994712 | C7: 0.97995398 | D7: 0.97927103 | E7: 1.0439127 | F7: 1.0450616 | G7: 1.0499814 | H7: 0.8739312 | I7: 0.86850234 | J7: 0.87026747 | K7: 0.96819979 | L7: 0.96668471 | M7: 0.96482865 | N7: - | O7: - | P7: - | Q7: 1.014567 | R7: 1.0143297 | S7: 1.0138234 | T7: 1.1639086 | U7: 1.166086 | V7: 1.164275 | W7: 1.0288574 | X7: 1.0376682 | Y7: 1.0158904
A8: 270 | B8: 0.98214087 | C8: 0.9791535 | D8: 0.98323605 | E8: 1.0414111 | F8: 1.0382438 | G8: 1.0405221 | H8: 0.86796363 | I8: 0.86815213 | J8: 0.86642129 | K8: 0.96873881 | L8: 0.96132968 | M8: 0.95755743 | N8: - | O8: - | P8: - | Q8: 1.0102083 | R8: 1.0107924 | S8: 1.0111066 | T8: 1.1494479 | U8: 1.152082 | V8: 1.150148 | W8: 1.0296312 | X8: 1.0430751 | Y8: 1.0219346
A9: 280 | B9: 0.98979105 | C9: 0.98881381 | D9: 0.98802047 | E9: 1.032836 | F9: 1.0333338 | G9: 1.0349233 | H9: 0.86746602 | I9: 0.8700285 | J9: 0.86575499 | K9: 0.97479754 | L9: 0.98308893 | M9: 0.97758684 | N9: - | O9: - | P9: - | Q9: 1.008749 | R9: 1.0088143 | S9: 1.00956 | T9: 1.1387761 | U9: 1.139259 | V9: 1.139438 | W9: 1.0406243 | X9: 1.0049179 | Y9: 1.0184541
A10: 290 | B10: 0.98890697 | C10: 0.98744596 | D10: 0.98795307 | E10: 1.0266118 | F10: 1.0259201 | G10: 1.0278478 | H10: 0.86257499 | I10: 0.86784139 | J10: 0.86211992 | K10: 0.99472065 | L10: 0.99104763 | M10: 0.99010864 | N10: - | O10: - | P10: - | Q10: 1.0068837 | R10: 1.0062992 | S10: 1.0071816 | T10: 1.1261496 | U10: 1.127695 | V10: 1.126138 | W10: 1.0339398 | X10: 1.0213022 | Y10: 1.0147814
A11: 300 | B11: 0.98672027 | C11: 0.98669242 | D11: 0.98539172 | E11: 1.0195483 | F11: 1.0198789 | G11: 1.0194632 | H11: 0.85953583 | I11: 0.86089171 | J11: 0.86142405 | K11: 1.0032507 | L11: 1.0023525 | M11: 0.9990311 | N11: - | O11: - | P11: - | Q11: 1.0035957 | R11: 1.003999 | S11: 1.0035725 | T11: 1.1144931 | U11: 1.116224 | V11: 1.115748 | W11: 1.0513256 | X11: 1.0452329 | Y11: 1.0432979
A12: 310 | B12: 0.98477311 | C12: 0.98364279 | D12: 0.98345395 | E12: 1.0135017 | F12: 1.0124263 | G12: 1.0160177 | H12: 0.86182352 | I12: 0.85762583 | J12: 0.86009954 | K12: 1.0073376 | L12: 1.0085557 | M12: 1.0077112 | N12: - | O12: - | P12: - | Q12: 1.0010083 | R12: 0.99944891 | S12: 0.99993131 | T12: 1.1053931 | U12: 1.104365 | V12: 1.106456 | W12: 1.03518 | X12: 1.0385561 | Y12: 1.0349425
A13: 320 | B13: 0.98252165 | C13: 0.98091811 | D13: 0.98104896 | E13: 1.0077145 | F13: 1.0068051 | G13: 1.0073576 | H13: 0.85665596 | I13: 0.85433952 | J13: 0.8548073 | K13: 1.0108739 | L13: 1.0107804 | M13: 1.0105031 | N13: - | O13: - | P13: - | Q13: 0.99593552 | R13: 0.99669583 | S13: 0.99625594 | T13: 1.09464 | U13: 1.093398 | V13: 1.094058 | W13: 1.0279992 | X13: 1.0332407 | Y13: 1.0292519
A14: 330 | B14: 0.97781945 | C14: 0.9779538 | D14: 0.9789785 | E14: 1.0010249 | F14: 1.00053 | G14: 1.0017582 | H14: 0.84727008 | I14: 0.84479773 | J14: 0.84745801 | K14: 1.0124764 | L14: 1.0125558 | M14: 1.0129911 | N14: - | O14: - | P14: - | Q14: 0.99289558 | R14: 0.99248843 | S14: 0.99105307 | T14: 1.0825462 | U14: 1.083916 | V14: 1.08423 | W14: 1.0298399 | X14: 1.0245512 | Y14: 1.0332709
A15: 340 | B15: 0.97525337 | C15: 0.97436645 | D15: 0.97557197 | E15: 0.99401225 | F15: 0.99448722 | G15: 0.99560665 | H15: 0.84231992 | I15: 0.84371181 | J15: 0.840419 | K15: 1.0119212 | L15: 1.0106987 | M15: 1.0119477 | N15: - | O15: - | P15: - | Q15: 0.98783436 | R15: 0.98817126 | S15: 0.98811488 | T15: 1.0742974 | U15: 1.073633 | V15: 1.075546 | W15: 1.0375637 | X15: 1.0326916 | Y15: 1.0232404

Sheet Summary_Mean_SEM
A1: Density summary calculated from three trajectories
A2: Mean, Std, SEM and N are formula-driven from Data_Entry. Unit: g/cm^3
A4: Temperature (K) | B4: EeFF | F4: LEWIS | J4: Cheng-MLP | N4: DP-H2OPD | R4: ANI-1xnr | V4: ReaxFF | Z4: MACE | AD4: DP-H3O/OH
B5: Mean | C5: Std | D5: SEM | E5: N | F5: Mean | G5: Std | H5: SEM | I5: N | J5: Mean | K5: Std | L5: SEM | M5: N | N5: Mean | O5: Std | P5: SEM | Q5: N | R5: Mean | S5: Std | T5: SEM | U5: N | V5: Mean | W5: Std | X5: SEM | Y5: N | Z5: Mean | AA5: Std | AB5: SEM | AC5: N | AD5: Mean | AE5: Std | AF5: SEM | AG5: N
A6: 250 | B6: =IF(COUNT(Data_Entry!B6:D6)=0,"",AVERAGE(Data_Entry!B6:D6)) -> 0.98362955 | C6: =IF(COUNT(Data_Entry!B6:D6)<2,"",_xludf.STDEV.S(Data_Entry!B6:D6)) -> #NAME? | D6: =IF(COUNT(Data_Entry!B6:D6)<2,"",_xludf.STDEV.S(Data_Entry!B6:D6)/SQRT(COUNT(Data_Entry!B6:D6))) -> #NAME? | E6: =COUNT(Data_Entry!B6:D6) -> 3 | F6: =IF(COUNT(Data_Entry!E6:G6)=0,"",AVERAGE(Data_Entry!E6:G6)) -> 1.0497066 | G6: =IF(COUNT(Data_Entry!E6:G6)<2,"",_xludf.STDEV.S(Data_Entry!E6:G6)) -> #NAME? | H6: =IF(COUNT(Data_Entry!E6:G6)<2,"",_xludf.STDEV.S(Data_Entry!E6:G6)/SQRT(COUNT(Data_Entry!E6:G6))) -> #NAME? | I6: =COUNT(Data_Entry!E6:G6) -> 3 | J6: =IF(COUNT(Data_Entry!H6:J6)=0,"",AVERAGE(Data_Entry!H6:J6)) -> 0.86899528 | K6: =IF(COUNT(Data_Entry!H6:J6)<2,"",_xludf.STDEV.S(Data_Entry!H6:J6)) -> #NAME? | L6: =IF(COUNT(Data_Entry!H6:J6)<2,"",_xludf.STDEV.S(Data_Entry!H6:J6)/SQRT(COUNT(Data_Entry!H6:J6))) -> #NAME? | M6: =COUNT(Data_Entry!H6:J6) -> 3 | N6: =IF(COUNT(Data_Entry!K6:M6)=0,"",AVERAGE(Data_Entry!K6:M6)) -> 0.96407318 | O6: =IF(COUNT(Data_Entry!K6:M6)<2,"",_xludf.STDEV.S(Data_Entry!K6:M6)) -> #NAME? | P6: =IF(COUNT(Data_Entry!K6:M6)<2,"",_xludf.STDEV.S(Data_Entry!K6:M6)/SQRT(COUNT(Data_Entry!K6:M6))) -> #NAME? | Q6: =COUNT(Data_Entry!K6:M6) -> 3 | R6: =IF(COUNT(Data_Entry!N6:P6)=0,"",AVERAGE(Data_Entry!N6:P6)) | S6: =IF(COUNT(Data_Entry!N6:P6)<2,"",_xludf.STDEV.S(Data_Entry!N6:P6)) | T6: =IF(COUNT(Data_Entry!N6:P6)<2,"",_xludf.STDEV.S(Data_Entry!N6:P6)/SQRT(COUNT(Data_Entry!N6:P6))) | U6: =COUNT(Data_Entry!N6:P6) -> 0 | V6: =IF(COUNT(Data_Entry!Q6:S6)=0,"",AVERAGE(Data_Entry!Q6:S6)) -> 1.0153296 | W6: =IF(COUNT(Data_Entry!Q6:S6)<2,"",_xludf.STDEV.S(Data_Entry!Q6:S6)) -> #NAME? | X6: =IF(COUNT(Data_Entry!Q6:S6)<2,"",_xludf.STDEV.S(Data_Entry!Q6:S6)/SQRT(COUNT(Data_Entry!Q6:S6))) -> #NAME? | Y6: =COUNT(Data_Entry!Q6:S6) -> 3 | Z6: =IF(COUNT(Data_Entry!T6:V6)=0,"",AVERAGE(Data_Entry!T6:V6)) -> 1.1821224 | AA6: =IF(COUNT(Data_Entry!T6:V6)<2,"",_xludf.STDEV.S(Data_Entry!T6:V6)) -> #NAME? | AB6: =IF(COUNT(Data_Entry!T6:V6)<2,"",_xludf.STDEV.S(Data_Entry!T6:V6)/SQRT(COUNT(Data_Entry!T6:V6))) -> #NAME? | AC6: =COUNT(Data_Entry!T6:V6) -> 3 | AD6: =IF(COUNT(Data_Entry!W6:Y6)=0,"",AVERAGE(Data_Entry!W6:Y6)) -> 1.0361175 | AE6: =IF(COUNT(Data_Entry!W6:Y6)<2,"",_xludf.STDEV.S(Data_Entry!W6:Y6)) -> #NAME? | AF6: =IF(COUNT(Data_Entry!W6:Y6)<2,"",_xludf.STDEV.S(Data_Entry!W6:Y6)/SQRT(COUNT(Data_Entry!W6:Y6))) -> #NAME? | AG6: =COUNT(Data_Entry!W6:Y6) -> 3
A7: 260 | B7: =IF(COUNT(Data_Entry!B7:D7)=0,"",AVERAGE(Data_Entry!B7:D7)) -> 0.97972404 | C7: =IF(COUNT(Data_Entry!B7:D7)<2,"",_xludf.STDEV.S(Data_Entry!B7:D7)) -> #NAME? | D7: =IF(COUNT(Data_Entry!B7:D7)<2,"",_xludf.STDEV.S(Data_Entry!B7:D7)/SQRT(COUNT(Data_Entry!B7:D7))) -> #NAME? | E7: =COUNT(Data_Entry!B7:D7) -> 3 | F7: =IF(COUNT(Data_Entry!E7:G7)=0,"",AVERAGE(Data_Entry!E7:G7)) -> 1.0463186 | G7: =IF(COUNT(Data_Entry!E7:G7)<2,"",_xludf.STDEV.S(Data_Entry!E7:G7)) -> #NAME? | H7: =IF(COUNT(Data_Entry!E7:G7)<2,"",_xludf.STDEV.S(Data_Entry!E7:G7)/SQRT(COUNT(Data_Entry!E7:G7))) -> #NAME? | I7: =COUNT(Data_Entry!E7:G7) -> 3 | J7: =IF(COUNT(Data_Entry!H7:J7)=0,"",AVERAGE(Data_Entry!H7:J7)) -> 0.87090033 | K7: =IF(COUNT(Data_Entry!H7:J7)<2,"",_xludf.STDEV.S(Data_Entry!H7:J7)) -> #NAME? | L7: =IF(COUNT(Data_Entry!H7:J7)<2,"",_xludf.STDEV.S(Data_Entry!H7:J7)/SQRT(COUNT(Data_Entry!H7:J7))) -> #NAME? | M7: =COUNT(Data_Entry!H7:J7) -> 3 | N7: =IF(COUNT(Data_Entry!K7:M7)=0,"",AVERAGE(Data_Entry!K7:M7)) -> 0.96657105 | O7: =IF(COUNT(Data_Entry!K7:M7)<2,"",_xludf.STDEV.S(Data_Entry!K7:M7)) -> #NAME? | P7: =IF(COUNT(Data_Entry!K7:M7)<2,"",_xludf.STDEV.S(Data_Entry!K7:M7)/SQRT(COUNT(Data_Entry!K7:M7))) -> #NAME? | Q7: =COUNT(Data_Entry!K7:M7) -> 3 | R7: =IF(COUNT(Data_Entry!N7:P7)=0,"",AVERAGE(Data_Entry!N7:P7)) | S7: =IF(COUNT(Data_Entry!N7:P7)<2,"",_xludf.STDEV.S(Data_Entry!N7:P7)) | T7: =IF(COUNT(Data_Entry!N7:P7)<2,"",_xludf.STDEV.S(Data_Entry!N7:P7)/SQRT(COUNT(Data_Entry!N7:P7))) | U7: =COUNT(Data_Entry!N7:P7) -> 0 | V7: =IF(COUNT(Data_Entry!Q7:S7)=0,"",AVERAGE(Data_Entry!Q7:S7)) -> 1.01424 | W7: =IF(COUNT(Data_Entry!Q7:S7)<2,"",_xludf.STDEV.S(Data_Entry!Q7:S7)) -> #NAME? | X7: =IF(COUNT(Data_Entry!Q7:S7)<2,"",_xludf.STDEV.S(Data_Entry!Q7:S7)/SQRT(COUNT(Data_Entry!Q7:S7))) -> #NAME? | Y7: =COUNT(Data_Entry!Q7:S7) -> 3 | Z7: =IF(COUNT(Data_Entry!T7:V7)=0,"",AVERAGE(Data_Entry!T7:V7)) -> 1.1647565 | AA7: =IF(COUNT(Data_Entry!T7:V7)<2,"",_xludf.STDEV.S(Data_Entry!T7:V7)) -> #NAME? | AB7: =IF(COUNT(Data_Entry!T7:V7)<2,"",_xludf.STDEV.S(Data_Entry!T7:V7)/SQRT(COUNT(Data_Entry!T7:V7))) -> #NAME? | AC7: =COUNT(Data_Entry!T7:V7) -> 3 | AD7: =IF(COUNT(Data_Entry!W7:Y7)=0,"",AVERAGE(Data_Entry!W7:Y7)) -> 1.027472 | AE7: =IF(COUNT(Data_Entry!W7:Y7)<2,"",_xludf.STDEV.S(Data_Entry!W7:Y7)) -> #NAME? | AF7: =IF(COUNT(Data_Entry!W7:Y7)<2,"",_xludf.STDEV.S(Data_Entry!W7:Y7)/SQRT(COUNT(Data_Entry!W7:Y7))) -> #NAME? | AG7: =COUNT(Data_Entry!W7:Y7) -> 3
A8: 270 | B8: =IF(COUNT(Data_Entry!B8:D8)=0,"",AVERAGE(Data_Entry!B8:D8)) -> 0.98151014 | C8: =IF(COUNT(Data_Entry!B8:D8)<2,"",_xludf.STDEV.S(Data_Entry!B8:D8)) -> #NAME? | D8: =IF(COUNT(Data_Entry!B8:D8)<2,"",_xludf.STDEV.S(Data_Entry!B8:D8)/SQRT(COUNT(Data_Entry!B8:D8))) -> #NAME? | E8: =COUNT(Data_Entry!B8:D8) -> 3 | F8: =IF(COUNT(Data_Entry!E8:G8)=0,"",AVERAGE(Data_Entry!E8:G8)) -> 1.040059 | G8: =IF(COUNT(Data_Entry!E8:G8)<2,"",_xludf.STDEV.S(Data_Entry!E8:G8)) -> #NAME? | H8: =IF(COUNT(Data_Entry!E8:G8)<2,"",_xludf.STDEV.S(Data_Entry!E8:G8)/SQRT(COUNT(Data_Entry!E8:G8))) -> #NAME? | I8: =COUNT(Data_Entry!E8:G8) -> 3 | J8: =IF(COUNT(Data_Entry!H8:J8)=0,"",AVERAGE(Data_Entry!H8:J8)) -> 0.86751235 | K8: =IF(COUNT(Data_Entry!H8:J8)<2,"",_xludf.STDEV.S(Data_Entry!H8:J8)) -> #NAME? | L8: =IF(COUNT(Data_Entry!H8:J8)<2,"",_xludf.STDEV.S(Data_Entry!H8:J8)/SQRT(COUNT(Data_Entry!H8:J8))) -> #NAME? | M8: =COUNT(Data_Entry!H8:J8) -> 3 | N8: =IF(COUNT(Data_Entry!K8:M8)=0,"",AVERAGE(Data_Entry!K8:M8)) -> 0.96254198 | O8: =IF(COUNT(Data_Entry!K8:M8)<2,"",_xludf.STDEV.S(Data_Entry!K8:M8)) -> #NAME? | P8: =IF(COUNT(Data_Entry!K8:M8)<2,"",_xludf.STDEV.S(Data_Entry!K8:M8)/SQRT(COUNT(Data_Entry!K8:M8))) -> #NAME? | Q8: =COUNT(Data_Entry!K8:M8) -> 3 | R8: =IF(COUNT(Data_Entry!N8:P8)=0,"",AVERAGE(Data_Entry!N8:P8)) | S8: =IF(COUNT(Data_Entry!N8:P8)<2,"",_xludf.STDEV.S(Data_Entry!N8:P8)) | T8: =IF(COUNT(Data_Entry!N8:P8)<2,"",_xludf.STDEV.S(Data_Entry!N8:P8)/SQRT(COUNT(Data_Entry!N8:P8))) | U8: =COUNT(Data_Entry!N8:P8) -> 0 | V8: =IF(COUNT(Data_Entry!Q8:S8)=0,"",AVERAGE(Data_Entry!Q8:S8)) -> 1.0107024 | W8: =IF(COUNT(Data_Entry!Q8:S8)<2,"",_xludf.STDEV.S(Data_Entry!Q8:S8)) -> #NAME? | X8: =IF(COUNT(Data_Entry!Q8:S8)<2,"",_xludf.STDEV.S(Data_Entry!Q8:S8)/SQRT(COUNT(Data_Entry!Q8:S8))) -> #NAME? | Y8: =COUNT(Data_Entry!Q8:S8) -> 3 | Z8: =IF(COUNT(Data_Entry!T8:V8)=0,"",AVERAGE(Data_Entry!T8:V8)) -> 1.1505593 | AA8: =IF(COUNT(Data_Entry!T8:V8)<2,"",_xludf.STDEV.S(Data_Entry!T8:V8)) -> #NAME? | AB8: =IF(COUNT(Data_Entry!T8:V8)<2,"",_xludf.STDEV.S(Data_Entry!T8:V8)/SQRT(COUNT(Data_Entry!T8:V8))) -> #NAME? | AC8: =COUNT(Data_Entry!T8:V8) -> 3 | AD8: =IF(COUNT(Data_Entry!W8:Y8)=0,"",AVERAGE(Data_Entry!W8:Y8)) -> 1.0315469 | AE8: =IF(COUNT(Data_Entry!W8:Y8)<2,"",_xludf.STDEV.S(Data_Entry!W8:Y8)) -> #NAME? | AF8: =IF(COUNT(Data_Entry!W8:Y8)<2,"",_xludf.STDEV.S(Data_Entry!W8:Y8)/SQRT(COUNT(Data_Entry!W8:Y8))) -> #NAME? | AG8: =COUNT(Data_Entry!W8:Y8) -> 3
A9: 280 | B9: =IF(COUNT(Data_Entry!B9:D9)=0,"",AVERAGE(Data_Entry!B9:D9)) -> 0.98887511 | C9: =IF(COUNT(Data_Entry!B9:D9)<2,"",_xludf.STDEV.S(Data_Entry!B9:D9)) -> #NAME? | D9: =IF(COUNT(Data_Entry!B9:D9)<2,"",_xludf.STDEV.S(Data_Entry!B9:D9)/SQRT(COUNT(Data_Entry!B9:D9))) -> #NAME? | E9: =COUNT(Data_Entry!B9:D9) -> 3 | F9: =IF(COUNT(Data_Entry!E9:G9)=0,"",AVERAGE(Data_Entry!E9:G9)) -> 1.0336977 | G9: =IF(COUNT(Data_Entry!E9:G9)<2,"",_xludf.STDEV.S(Data_Entry!E9:G9)) -> #NAME? | H9: =IF(COUNT(Data_Entry!E9:G9)<2,"",_xludf.STDEV.S(Data_Entry!E9:G9)/SQRT(COUNT(Data_Entry!E9:G9))) -> #NAME? | I9: =COUNT(Data_Entry!E9:G9) -> 3 | J9: =IF(COUNT(Data_Entry!H9:J9)=0,"",AVERAGE(Data_Entry!H9:J9)) -> 0.86774984 | K9: =IF(COUNT(Data_Entry!H9:J9)<2,"",_xludf.STDEV.S(Data_Entry!H9:J9)) -> #NAME? | L9: =IF(COUNT(Data_Entry!H9:J9)<2,"",_xludf.STDEV.S(Data_Entry!H9:J9)/SQRT(COUNT(Data_Entry!H9:J9))) -> #NAME? | M9: =COUNT(Data_Entry!H9:J9) -> 3 | N9: =IF(COUNT(Data_Entry!K9:M9)=0,"",AVERAGE(Data_Entry!K9:M9)) -> 0.97849111 | O9: =IF(COUNT(Data_Entry!K9:M9)<2,"",_xludf.STDEV.S(Data_Entry!K9:M9)) -> #NAME? | P9: =IF(COUNT(Data_Entry!K9:M9)<2,"",_xludf.STDEV.S(Data_Entry!K9:M9)/SQRT(COUNT(Data_Entry!K9:M9))) -> #NAME? | Q9: =COUNT(Data_Entry!K9:M9) -> 3 | R9: =IF(COUNT(Data_Entry!N9:P9)=0,"",AVERAGE(Data_Entry!N9:P9)) | S9: =IF(COUNT(Data_Entry!N9:P9)<2,"",_xludf.STDEV.S(Data_Entry!N9:P9)) | T9: =IF(COUNT(Data_Entry!N9:P9)<2,"",_xludf.STDEV.S(Data_Entry!N9:P9)/SQRT(COUNT(Data_Entry!N9:P9))) | U9: =COUNT(Data_Entry!N9:P9) -> 0 | V9: =IF(COUNT(Data_Entry!Q9:S9)=0,"",AVERAGE(Data_Entry!Q9:S9)) -> 1.0090411 | W9: =IF(COUNT(Data_Entry!Q9:S9)<2,"",_xludf.STDEV.S(Data_Entry!Q9:S9)) -> #NAME? | X9: =IF(COUNT(Data_Entry!Q9:S9)<2,"",_xludf.STDEV.S(Data_Entry!Q9:S9)/SQRT(COUNT(Data_Entry!Q9:S9))) -> #NAME? | Y9: =COUNT(Data_Entry!Q9:S9) -> 3 | Z9: =IF(COUNT(Data_Entry!T9:V9)=0,"",AVERAGE(Data_Entry!T9:V9)) -> 1.1391577 | AA9: =IF(COUNT(Data_Entry!T9:V9)<2,"",_xludf.STDEV.S(Data_Entry!T9:V9)) -> #NAME? | AB9: =IF(COUNT(Data_Entry!T9:V9)<2,"",_xludf.STDEV.S(Data_Entry!T9:V9)/SQRT(COUNT(Data_Entry!T9:V9))) -> #NAME? | AC9: =COUNT(Data_Entry!T9:V9) -> 3 | AD9: =IF(COUNT(Data_Entry!W9:Y9)=0,"",AVERAGE(Data_Entry!W9:Y9)) -> 1.0213321 | AE9: =IF(COUNT(Data_Entry!W9:Y9)<2,"",_xludf.STDEV.S(Data_Entry!W9:Y9)) -> #NAME? | AF9: =IF(COUNT(Data_Entry!W9:Y9)<2,"",_xludf.STDEV.S(Data_Entry!W9:Y9)/SQRT(COUNT(Data_Entry!W9:Y9))) -> #NAME? | AG9: =COUNT(Data_Entry!W9:Y9) -> 3
A10: 290 | B10: =IF(COUNT(Data_Entry!B10:D10)=0,"",AVERAGE(Data_Entry!B10:D10)) -> 0.988102 | C10: =IF(COUNT(Data_Entry!B10:D10)<2,"",_xludf.STDEV.S(Data_Entry!B10:D10)) -> #NAME? | D10: =IF(COUNT(Data_Entry!B10:D10)<2,"",_xludf.STDEV.S(Data_Entry!B10:D10)/SQRT(COUNT(Data_Entry!B10:D10))) -> #NAME? | E10: =COUNT(Data_Entry!B10:D10) -> 3 | F10: =IF(COUNT(Data_Entry!E10:G10)=0,"",AVERAGE(Data_Entry!E10:G10)) -> 1.0267932 | G10: =IF(COUNT(Data_Entry!E10:G10)<2,"",_xludf.STDEV.S(Data_Entry!E10:G10)) -> #NAME? | H10: =IF(COUNT(Data_Entry!E10:G10)<2,"",_xludf.STDEV.S(Data_Entry!E10:G10)/SQRT(COUNT(Data_Entry!E10:G10))) -> #NAME? | I10: =COUNT(Data_Entry!E10:G10) -> 3 | J10: =IF(COUNT(Data_Entry!H10:J10)=0,"",AVERAGE(Data_Entry!H10:J10)) -> 0.86417877 | K10: =IF(COUNT(Data_Entry!H10:J10)<2,"",_xludf.STDEV.S(Data_Entry!H10:J10)) -> #NAME? | L10: =IF(COUNT(Data_Entry!H10:J10)<2,"",_xludf.STDEV.S(Data_Entry!H10:J10)/SQRT(COUNT(Data_Entry!H10:J10))) -> #NAME? | M10: =COUNT(Data_Entry!H10:J10) -> 3 | N10: =IF(COUNT(Data_Entry!K10:M10)=0,"",AVERAGE(Data_Entry!K10:M10)) -> 0.99195897 | O10: =IF(COUNT(Data_Entry!K10:M10)<2,"",_xludf.STDEV.S(Data_Entry!K10:M10)) -> #NAME? | P10: =IF(COUNT(Data_Entry!K10:M10)<2,"",_xludf.STDEV.S(Data_Entry!K10:M10)/SQRT(COUNT(Data_Entry!K10:M10))) -> #NAME? | Q10: =COUNT(Data_Entry!K10:M10) -> 3 | R10: =IF(COUNT(Data_Entry!N10:P10)=0,"",AVERAGE(Data_Entry!N10:P10)) | S10: =IF(COUNT(Data_Entry!N10:P10)<2,"",_xludf.STDEV.S(Data_Entry!N10:P10)) | T10: =IF(COUNT(Data_Entry!N10:P10)<2,"",_xludf.STDEV.S(Data_Entry!N10:P10)/SQRT(COUNT(Data_Entry!N10:P10))) | U10: =COUNT(Data_Entry!N10:P10) -> 0 | V10: =IF(COUNT(Data_Entry!Q10:S10)=0,"",AVERAGE(Data_Entry!Q10:S10)) -> 1.0067882 | W10: =IF(COUNT(Data_Entry!Q10:S10)<2,"",_xludf.STDEV.S(Data_Entry!Q10:S10)) -> #NAME? | X10: =IF(COUNT(Data_Entry!Q10:S10)<2,"",_xludf.STDEV.S(Data_Entry!Q10:S10)/SQRT(COUNT(Data_Entry!Q10:S10))) -> #NAME? | Y10: =COUNT(Data_Entry!Q10:S10) -> 3 | Z10: =IF(COUNT(Data_Entry!T10:V10)=0,"",AVERAGE(Data_Entry!T10:V10)) -> 1.1266609 | AA10: =IF(COUNT(Data_Entry!T10:V10)<2,"",_xludf.STDEV.S(Data_Entry!T10:V10)) -> #NAME? | AB10: =IF(COUNT(Data_Entry!T10:V10)<2,"",_xludf.STDEV.S(Data_Entry!T10:V10)/SQRT(COUNT(Data_Entry!T10:V10))) -> #NAME? | AC10: =COUNT(Data_Entry!T10:V10) -> 3 | AD10: =IF(COUNT(Data_Entry!W10:Y10)=0,"",AVERAGE(Data_Entry!W10:Y10)) -> 1.0233411 | AE10: =IF(COUNT(Data_Entry!W10:Y10)<2,"",_xludf.STDEV.S(Data_Entry!W10:Y10)) -> #NAME? | AF10: =IF(COUNT(Data_Entry!W10:Y10)<2,"",_xludf.STDEV.S(Data_Entry!W10:Y10)/SQRT(COUNT(Data_Entry!W10:Y10))) -> #NAME? | AG10: =COUNT(Data_Entry!W10:Y10) -> 3
A11: 300 | B11: =IF(COUNT(Data_Entry!B11:D11)=0,"",AVERAGE(Data_Entry!B11:D11)) -> 0.98626814 | C11: =IF(COUNT(Data_Entry!B11:D11)<2,"",_xludf.STDEV.S(Data_Entry!B11:D11)) -> #NAME? | D11: =IF(COUNT(Data_Entry!B11:D11)<2,"",_xludf.STDEV.S(Data_Entry!B11:D11)/SQRT(COUNT(Data_Entry!B11:D11))) -> #NAME? | E11: =COUNT(Data_Entry!B11:D11) -> 3 | F11: =IF(COUNT(Data_Entry!E11:G11)=0,"",AVERAGE(Data_Entry!E11:G11)) -> 1.0196302 | G11: =IF(COUNT(Data_Entry!E11:G11)<2,"",_xludf.STDEV.S(Data_Entry!E11:G11)) -> #NAME? | H11: =IF(COUNT(Data_Entry!E11:G11)<2,"",_xludf.STDEV.S(Data_Entry!E11:G11)/SQRT(COUNT(Data_Entry!E11:G11))) -> #NAME? | I11: =COUNT(Data_Entry!E11:G11) -> 3 | J11: =IF(COUNT(Data_Entry!H11:J11)=0,"",AVERAGE(Data_Entry!H11:J11)) -> 0.8606172 | K11: =IF(COUNT(Data_Entry!H11:J11)<2,"",_xludf.STDEV.S(Data_Entry!H11:J11)) -> #NAME? | L11: =IF(COUNT(Data_Entry!H11:J11)<2,"",_xludf.STDEV.S(Data_Entry!H11:J11)/SQRT(COUNT(Data_Entry!H11:J11))) -> #NAME? | M11: =COUNT(Data_Entry!H11:J11) -> 3 | N11: =IF(COUNT(Data_Entry!K11:M11)=0,"",AVERAGE(Data_Entry!K11:M11)) -> 1.0015448 | O11: =IF(COUNT(Data_Entry!K11:M11)<2,"",_xludf.STDEV.S(Data_Entry!K11:M11)) -> #NAME? | P11: =IF(COUNT(Data_Entry!K11:M11)<2,"",_xludf.STDEV.S(Data_Entry!K11:M11)/SQRT(COUNT(Data_Entry!K11:M11))) -> #NAME? | Q11: =COUNT(Data_Entry!K11:M11) -> 3 | R11: =IF(COUNT(Data_Entry!N11:P11)=0,"",AVERAGE(Data_Entry!N11:P11)) | S11: =IF(COUNT(Data_Entry!N11:P11)<2,"",_xludf.STDEV.S(Data_Entry!N11:P11)) | T11: =IF(COUNT(Data_Entry!N11:P11)<2,"",_xludf.STDEV.S(Data_Entry!N11:P11)/SQRT(COUNT(Data_Entry!N11:P11))) | U11: =COUNT(Data_Entry!N11:P11) -> 0 | V11: =IF(COUNT(Data_Entry!Q11:S11)=0,"",AVERAGE(Data_Entry!Q11:S11)) -> 1.0037224 | W11: =IF(COUNT(Data_Entry!Q11:S11)<2,"",_xludf.STDEV.S(Data_Entry!Q11:S11)) -> #NAME? | X11: =IF(COUNT(Data_Entry!Q11:S11)<2,"",_xludf.STDEV.S(Data_Entry!Q11:S11)/SQRT(COUNT(Data_Entry!Q11:S11))) -> #NAME? | Y11: =COUNT(Data_Entry!Q11:S11) -> 3 | Z11: =IF(COUNT(Data_Entry!T11:V11)=0,"",AVERAGE(Data_Entry!T11:V11)) -> 1.1154884 | AA11: =IF(COUNT(Data_Entry!T11:V11)<2,"",_xludf.STDEV.S(Data_Entry!T11:V11)) -> #NAME? | AB11: =IF(COUNT(Data_Entry!T11:V11)<2,"",_xludf.STDEV.S(Data_Entry!T11:V11)/SQRT(COUNT(Data_Entry!T11:V11))) -> #NAME? | AC11: =COUNT(Data_Entry!T11:V11) -> 3 | AD11: =IF(COUNT(Data_Entry!W11:Y11)=0,"",AVERAGE(Data_Entry!W11:Y11)) -> 1.0466188 | AE11: =IF(COUNT(Data_Entry!W11:Y11)<2,"",_xludf.STDEV.S(Data_Entry!W11:Y11)) -> #NAME? | AF11: =IF(COUNT(Data_Entry!W11:Y11)<2,"",_xludf.STDEV.S(Data_Entry!W11:Y11)/SQRT(COUNT(Data_Entry!W11:Y11))) -> #NAME? | AG11: =COUNT(Data_Entry!W11:Y11) -> 3
A12: 310 | B12: =IF(COUNT(Data_Entry!B12:D12)=0,"",AVERAGE(Data_Entry!B12:D12)) -> 0.98395662 | C12: =IF(COUNT(Data_Entry!B12:D12)<2,"",_xludf.STDEV.S(Data_Entry!B12:D12)) -> #NAME? | D12: =IF(COUNT(Data_Entry!B12:D12)<2,"",_xludf.STDEV.S(Data_Entry!B12:D12)/SQRT(COUNT(Data_Entry!B12:D12))) -> #NAME? | E12: =COUNT(Data_Entry!B12:D12) -> 3 | F12: =IF(COUNT(Data_Entry!E12:G12)=0,"",AVERAGE(Data_Entry!E12:G12)) -> 1.0139819 | G12: =IF(COUNT(Data_Entry!E12:G12)<2,"",_xludf.STDEV.S(Data_Entry!E12:G12)) -> #NAME? | H12: =IF(COUNT(Data_Entry!E12:G12)<2,"",_xludf.STDEV.S(Data_Entry!E12:G12)/SQRT(COUNT(Data_Entry!E12:G12))) -> #NAME? | I12: =COUNT(Data_Entry!E12:G12) -> 3 | J12: =IF(COUNT(Data_Entry!H12:J12)=0,"",AVERAGE(Data_Entry!H12:J12)) -> 0.85984963 | K12: =IF(COUNT(Data_Entry!H12:J12)<2,"",_xludf.STDEV.S(Data_Entry!H12:J12)) -> #NAME? | L12: =IF(COUNT(Data_Entry!H12:J12)<2,"",_xludf.STDEV.S(Data_Entry!H12:J12)/SQRT(COUNT(Data_Entry!H12:J12))) -> #NAME? | M12: =COUNT(Data_Entry!H12:J12) -> 3 | N12: =IF(COUNT(Data_Entry!K12:M12)=0,"",AVERAGE(Data_Entry!K12:M12)) -> 1.0078682 | O12: =IF(COUNT(Data_Entry!K12:M12)<2,"",_xludf.STDEV.S(Data_Entry!K12:M12)) -> #NAME? | P12: =IF(COUNT(Data_Entry!K12:M12)<2,"",_xludf.STDEV.S(Data_Entry!K12:M12)/SQRT(COUNT(Data_Entry!K12:M12))) -> #NAME? | Q12: =COUNT(Data_Entry!K12:M12) -> 3 | R12: =IF(COUNT(Data_Entry!N12:P12)=0,"",AVERAGE(Data_Entry!N12:P12)) | S12: =IF(COUNT(Data_Entry!N12:P12)<2,"",_xludf.STDEV.S(Data_Entry!N12:P12)) | T12: =IF(COUNT(Data_Entry!N12:P12)<2,"",_xludf.STDEV.S(Data_Entry!N12:P12)/SQRT(COUNT(Data_Entry!N12:P12))) | U12: =COUNT(Data_Entry!N12:P12) -> 0 | V12: =IF(COUNT(Data_Entry!Q12:S12)=0,"",AVERAGE(Data_Entry!Q12:S12)) -> 1.0001295 | W12: =IF(COUNT(Data_Entry!Q12:S12)<2,"",_xludf.STDEV.S(Data_Entry!Q12:S12)) -> #NAME? | X12: =IF(COUNT(Data_Entry!Q12:S12)<2,"",_xludf.STDEV.S(Data_Entry!Q12:S12)/SQRT(COUNT(Data_Entry!Q12:S12))) -> #NAME? | Y12: =COUNT(Data_Entry!Q12:S12) -> 3 | Z12: =IF(COUNT(Data_Entry!T12:V12)=0,"",AVERAGE(Data_Entry!T12:V12)) -> 1.1054047 | AA12: =IF(COUNT(Data_Entry!T12:V12)<2,"",_xludf.STDEV.S(Data_Entry!T12:V12)) -> #NAME? | AB12: =IF(COUNT(Data_Entry!T12:V12)<2,"",_xludf.STDEV.S(Data_Entry!T12:V12)/SQRT(COUNT(Data_Entry!T12:V12))) -> #NAME? | AC12: =COUNT(Data_Entry!T12:V12) -> 3 | AD12: =IF(COUNT(Data_Entry!W12:Y12)=0,"",AVERAGE(Data_Entry!W12:Y12)) -> 1.0362262 | AE12: =IF(COUNT(Data_Entry!W12:Y12)<2,"",_xludf.STDEV.S(Data_Entry!W12:Y12)) -> #NAME? | AF12: =IF(COUNT(Data_Entry!W12:Y12)<2,"",_xludf.STDEV.S(Data_Entry!W12:Y12)/SQRT(COUNT(Data_Entry!W12:Y12))) -> #NAME? | AG12: =COUNT(Data_Entry!W12:Y12) -> 3
A13: 320 | B13: =IF(COUNT(Data_Entry!B13:D13)=0,"",AVERAGE(Data_Entry!B13:D13)) -> 0.98149624 | C13: =IF(COUNT(Data_Entry!B13:D13)<2,"",_xludf.STDEV.S(Data_Entry!B13:D13)) -> #NAME? | D13: =IF(COUNT(Data_Entry!B13:D13)<2,"",_xludf.STDEV.S(Data_Entry!B13:D13)/SQRT(COUNT(Data_Entry!B13:D13))) -> #NAME? | E13: =COUNT(Data_Entry!B13:D13) -> 3 | F13: =IF(COUNT(Data_Entry!E13:G13)=0,"",AVERAGE(Data_Entry!E13:G13)) -> 1.0072924 | G13: =IF(COUNT(Data_Entry!E13:G13)<2,"",_xludf.STDEV.S(Data_Entry!E13:G13)) -> #NAME? | H13: =IF(COUNT(Data_Entry!E13:G13)<2,"",_xludf.STDEV.S(Data_Entry!E13:G13)/SQRT(COUNT(Data_Entry!E13:G13))) -> #NAME? | I13: =COUNT(Data_Entry!E13:G13) -> 3 | J13: =IF(COUNT(Data_Entry!H13:J13)=0,"",AVERAGE(Data_Entry!H13:J13)) -> 0.85526759 | K13: =IF(COUNT(Data_Entry!H13:J13)<2,"",_xludf.STDEV.S(Data_Entry!H13:J13)) -> #NAME? | L13: =IF(COUNT(Data_Entry!H13:J13)<2,"",_xludf.STDEV.S(Data_Entry!H13:J13)/SQRT(COUNT(Data_Entry!H13:J13))) -> #NAME? | M13: =COUNT(Data_Entry!H13:J13) -> 3 | N13: =IF(COUNT(Data_Entry!K13:M13)=0,"",AVERAGE(Data_Entry!K13:M13)) -> 1.0107191 | O13: =IF(COUNT(Data_Entry!K13:M13)<2,"",_xludf.STDEV.S(Data_Entry!K13:M13)) -> #NAME? | P13: =IF(COUNT(Data_Entry!K13:M13)<2,"",_xludf.STDEV.S(Data_Entry!K13:M13)/SQRT(COUNT(Data_Entry!K13:M13))) -> #NAME? | Q13: =COUNT(Data_Entry!K13:M13) -> 3 | R13: =IF(COUNT(Data_Entry!N13:P13)=0,"",AVERAGE(Data_Entry!N13:P13)) | S13: =IF(COUNT(Data_Entry!N13:P13)<2,"",_xludf.STDEV.S(Data_Entry!N13:P13)) | T13: =IF(COUNT(Data_Entry!N13:P13)<2,"",_xludf.STDEV.S(Data_Entry!N13:P13)/SQRT(COUNT(Data_Entry!N13:P13))) | U13: =COUNT(Data_Entry!N13:P13) -> 0 | V13: =IF(COUNT(Data_Entry!Q13:S13)=0,"",AVERAGE(Data_Entry!Q13:S13)) -> 0.99629576 | W13: =IF(COUNT(Data_Entry!Q13:S13)<2,"",_xludf.STDEV.S(Data_Entry!Q13:S13)) -> #NAME? | X13: =IF(COUNT(Data_Entry!Q13:S13)<2,"",_xludf.STDEV.S(Data_Entry!Q13:S13)/SQRT(COUNT(Data_Entry!Q13:S13))) -> #NAME? | Y13: =COUNT(Data_Entry!Q13:S13) -> 3 | Z13: =IF(COUNT(Data_Entry!T13:V13)=0,"",AVERAGE(Data_Entry!T13:V13)) -> 1.094032 | AA13: =IF(COUNT(Data_Entry!T13:V13)<2,"",_xludf.STDEV.S(Data_Entry!T13:V13)) -> #NAME? | AB13: =IF(COUNT(Data_Entry!T13:V13)<2,"",_xludf.STDEV.S(Data_Entry!T13:V13)/SQRT(COUNT(Data_Entry!T13:V13))) -> #NAME? | AC13: =COUNT(Data_Entry!T13:V13) -> 3 | AD13: =IF(COUNT(Data_Entry!W13:Y13)=0,"",AVERAGE(Data_Entry!W13:Y13)) -> 1.0301639 | AE13: =IF(COUNT(Data_Entry!W13:Y13)<2,"",_xludf.STDEV.S(Data_Entry!W13:Y13)) -> #NAME? | AF13: =IF(COUNT(Data_Entry!W13:Y13)<2,"",_xludf.STDEV.S(Data_Entry!W13:Y13)/SQRT(COUNT(Data_Entry!W13:Y13))) -> #NAME? | AG13: =COUNT(Data_Entry!W13:Y13) -> 3
A14: 330 | B14: =IF(COUNT(Data_Entry!B14:D14)=0,"",AVERAGE(Data_Entry!B14:D14)) -> 0.97825058 | C14: =IF(COUNT(Data_Entry!B14:D14)<2,"",_xludf.STDEV.S(Data_Entry!B14:D14)) -> #NAME? | D14: =IF(COUNT(Data_Entry!B14:D14)<2,"",_xludf.STDEV.S(Data_Entry!B14:D14)/SQRT(COUNT(Data_Entry!B14:D14))) -> #NAME? | E14: =COUNT(Data_Entry!B14:D14) -> 3 | F14: =IF(COUNT(Data_Entry!E14:G14)=0,"",AVERAGE(Data_Entry!E14:G14)) -> 1.0011044 | G14: =IF(COUNT(Data_Entry!E14:G14)<2,"",_xludf.STDEV.S(Data_Entry!E14:G14)) -> #NAME? | H14: =IF(COUNT(Data_Entry!E14:G14)<2,"",_xludf.STDEV.S(Data_Entry!E14:G14)/SQRT(COUNT(Data_Entry!E14:G14))) -> #NAME? | I14: =COUNT(Data_Entry!E14:G14) -> 3 | J14: =IF(COUNT(Data_Entry!H14:J14)=0,"",AVERAGE(Data_Entry!H14:J14)) -> 0.84650861 | K14: =IF(COUNT(Data_Entry!H14:J14)<2,"",_xludf.STDEV.S(Data_Entry!H14:J14)) -> #NAME? | L14: =IF(COUNT(Data_Entry!H14:J14)<2,"",_xludf.STDEV.S(Data_Entry!H14:J14)/SQRT(COUNT(Data_Entry!H14:J14))) -> #NAME? | M14: =COUNT(Data_Entry!H14:J14) -> 3 | N14: =IF(COUNT(Data_Entry!K14:M14)=0,"",AVERAGE(Data_Entry!K14:M14)) -> 1.0126744 | O14: =IF(COUNT(Data_Entry!K14:M14)<2,"",_xludf.STDEV.S(Data_Entry!K14:M14)) -> #NAME? | P14: =IF(COUNT(Data_Entry!K14:M14)<2,"",_xludf.STDEV.S(Data_Entry!K14:M14)/SQRT(COUNT(Data_Entry!K14:M14))) -> #NAME? | Q14: =COUNT(Data_Entry!K14:M14) -> 3 | R14: =IF(COUNT(Data_Entry!N14:P14)=0,"",AVERAGE(Data_Entry!N14:P14)) | S14: =IF(COUNT(Data_Entry!N14:P14)<2,"",_xludf.STDEV.S(Data_Entry!N14:P14)) | T14: =IF(COUNT(Data_Entry!N14:P14)<2,"",_xludf.STDEV.S(Data_Entry!N14:P14)/SQRT(COUNT(Data_Entry!N14:P14))) | U14: =COUNT(Data_Entry!N14:P14) -> 0 | V14: =IF(COUNT(Data_Entry!Q14:S14)=0,"",AVERAGE(Data_Entry!Q14:S14)) -> 0.99214569 | W14: =IF(COUNT(Data_Entry!Q14:S14)<2,"",_xludf.STDEV.S(Data_Entry!Q14:S14)) -> #NAME? | X14: =IF(COUNT(Data_Entry!Q14:S14)<2,"",_xludf.STDEV.S(Data_Entry!Q14:S14)/SQRT(COUNT(Data_Entry!Q14:S14))) -> #NAME? | Y14: =COUNT(Data_Entry!Q14:S14) -> 3 | Z14: =IF(COUNT(Data_Entry!T14:V14)=0,"",AVERAGE(Data_Entry!T14:V14)) -> 1.0835641 | AA14: =IF(COUNT(Data_Entry!T14:V14)<2,"",_xludf.STDEV.S(Data_Entry!T14:V14)) -> #NAME? | AB14: =IF(COUNT(Data_Entry!T14:V14)<2,"",_xludf.STDEV.S(Data_Entry!T14:V14)/SQRT(COUNT(Data_Entry!T14:V14))) -> #NAME? | AC14: =COUNT(Data_Entry!T14:V14) -> 3 | AD14: =IF(COUNT(Data_Entry!W14:Y14)=0,"",AVERAGE(Data_Entry!W14:Y14)) -> 1.0292207 | AE14: =IF(COUNT(Data_Entry!W14:Y14)<2,"",_xludf.STDEV.S(Data_Entry!W14:Y14)) -> #NAME? | AF14: =IF(COUNT(Data_Entry!W14:Y14)<2,"",_xludf.STDEV.S(Data_Entry!W14:Y14)/SQRT(COUNT(Data_Entry!W14:Y14))) -> #NAME? | AG14: =COUNT(Data_Entry!W14:Y14) -> 3
A15: 340 | B15: =IF(COUNT(Data_Entry!B15:D15)=0,"",AVERAGE(Data_Entry!B15:D15)) -> 0.97506393 | C15: =IF(COUNT(Data_Entry!B15:D15)<2,"",_xludf.STDEV.S(Data_Entry!B15:D15)) -> #NAME? | D15: =IF(COUNT(Data_Entry!B15:D15)<2,"",_xludf.STDEV.S(Data_Entry!B15:D15)/SQRT(COUNT(Data_Entry!B15:D15))) -> #NAME? | E15: =COUNT(Data_Entry!B15:D15) -> 3 | F15: =IF(COUNT(Data_Entry!E15:G15)=0,"",AVERAGE(Data_Entry!E15:G15)) -> 0.99470204 | G15: =IF(COUNT(Data_Entry!E15:G15)<2,"",_xludf.STDEV.S(Data_Entry!E15:G15)) -> #NAME? | H15: =IF(COUNT(Data_Entry!E15:G15)<2,"",_xludf.STDEV.S(Data_Entry!E15:G15)/SQRT(COUNT(Data_Entry!E15:G15))) -> #NAME? | I15: =COUNT(Data_Entry!E15:G15) -> 3 | J15: =IF(COUNT(Data_Entry!H15:J15)=0,"",AVERAGE(Data_Entry!H15:J15)) -> 0.84215024 | K15: =IF(COUNT(Data_Entry!H15:J15)<2,"",_xludf.STDEV.S(Data_Entry!H15:J15)) -> #NAME? | L15: =IF(COUNT(Data_Entry!H15:J15)<2,"",_xludf.STDEV.S(Data_Entry!H15:J15)/SQRT(COUNT(Data_Entry!H15:J15))) -> #NAME? | M15: =COUNT(Data_Entry!H15:J15) -> 3 | N15: =IF(COUNT(Data_Entry!K15:M15)=0,"",AVERAGE(Data_Entry!K15:M15)) -> 1.0115225 | O15: =IF(COUNT(Data_Entry!K15:M15)<2,"",_xludf.STDEV.S(Data_Entry!K15:M15)) -> #NAME? | P15: =IF(COUNT(Data_Entry!K15:M15)<2,"",_xludf.STDEV.S(Data_Entry!K15:M15)/SQRT(COUNT(Data_Entry!K15:M15))) -> #NAME? | Q15: =COUNT(Data_Entry!K15:M15) -> 3 | R15: =IF(COUNT(Data_Entry!N15:P15)=0,"",AVERAGE(Data_Entry!N15:P15)) | S15: =IF(COUNT(Data_Entry!N15:P15)<2,"",_xludf.STDEV.S(Data_Entry!N15:P15)) | T15: =IF(COUNT(Data_Entry!N15:P15)<2,"",_xludf.STDEV.S(Data_Entry!N15:P15)/SQRT(COUNT(Data_Entry!N15:P15))) | U15: =COUNT(Data_Entry!N15:P15) -> 0 | V15: =IF(COUNT(Data_Entry!Q15:S15)=0,"",AVERAGE(Data_Entry!Q15:S15)) -> 0.98804017 | W15: =IF(COUNT(Data_Entry!Q15:S15)<2,"",_xludf.STDEV.S(Data_Entry!Q15:S15)) -> #NAME? | X15: =IF(COUNT(Data_Entry!Q15:S15)<2,"",_xludf.STDEV.S(Data_Entry!Q15:S15)/SQRT(COUNT(Data_Entry!Q15:S15))) -> #NAME? | Y15: =COUNT(Data_Entry!Q15:S15) -> 3 | Z15: =IF(COUNT(Data_Entry!T15:V15)=0,"",AVERAGE(Data_Entry!T15:V15)) -> 1.0744921 | AA15: =IF(COUNT(Data_Entry!T15:V15)<2,"",_xludf.STDEV.S(Data_Entry!T15:V15)) -> #NAME? | AB15: =IF(COUNT(Data_Entry!T15:V15)<2,"",_xludf.STDEV.S(Data_Entry!T15:V15)/SQRT(COUNT(Data_Entry!T15:V15))) -> #NAME? | AC15: =COUNT(Data_Entry!T15:V15) -> 3 | AD15: =IF(COUNT(Data_Entry!W15:Y15)=0,"",AVERAGE(Data_Entry!W15:Y15)) -> 1.0311652 | AE15: =IF(COUNT(Data_Entry!W15:Y15)<2,"",_xludf.STDEV.S(Data_Entry!W15:Y15)) -> #NAME? | AF15: =IF(COUNT(Data_Entry!W15:Y15)<2,"",_xludf.STDEV.S(Data_Entry!W15:Y15)/SQRT(COUNT(Data_Entry!W15:Y15))) -> #NAME? | AG15: =COUNT(Data_Entry!W15:Y15) -> 3

Sheet Notes
A1: Field | B1: Description
A2: Temperature range | B2: 250 K to 340 K in 10 K increments
A3: Unit | B3: Density in g/cm^3
A4: Trajectory columns | B4: Enter three independent trajectory values for each model in Data_Entry.
A5: Summary formulas | B5: Summary_Mean_SEM automatically calculates Mean, Std, SEM and N from the three trajectory values.
A6: Models | B6: EeFF, LEWIS, Cheng-MLP, DP-H2OPD, ANI-1xnr, ReaxFF, MACE, DP-H3O/OH
